"lego_set_id","image_url"
14949,"https://imagedelivery.net/e9QbXi7FHwgziNweDoD9tw/aacd2110-d965-437d-4398-a4e426631000/public"
14949,"https://imagedelivery.net/e9QbXi7FHwgziNweDoD9tw/55e22185-b915-411b-64ea-8041f680c700/public"
14949,"https://imagedelivery.net/e9QbXi7FHwgziNweDoD9tw/f6b6a18f-2499-4743-5df3-465fe2373300/public"
15000,"https://imagedelivery.net/e9QbXi7FHwgziNweDoD9tw/6263cbd9-c61c-4149-975b-0309a4cab600/public"
15000,"https://imagedelivery.net/e9QbXi7FHwgziNweDoD9tw/315dfcf1-09b3-4677-1e34-3a3a7de40c00/public"
15000,"https://imagedelivery.net/e9QbXi7FHwgziNweDoD9tw/9a9ea370-5763-4b7f-8b0b-96885e68a700/public"
15002,"https://imagedelivery.net/e9QbXi7FHwgziNweDoD9tw/3757c2a9-18aa-4e55-4882-addb8a0de200/public"
15002,"https://imagedelivery.net/e9QbXi7FHwgziNweDoD9tw/0c2da5b8-f111-4daa-6609-fc7f3e967100/public"
15002,"https://imagedelivery.net/e9QbXi7FHwgziNweDoD9tw/6c8dc223-d06d-4b1f-5db8-b4d17aebc700/public"
14997,"https://imagedelivery.net/e9QbXi7FHwgziNweDoD9tw/337652ed-ec2d-4cab-6780-f50cdf965c00/public"
14997,"https://imagedelivery.net/e9QbXi7FHwgziNweDoD9tw/5b6e4deb-f983-4e05-bf93-3d566dda4500/public"
14997,"https://imagedelivery.net/e9QbXi7FHwgziNweDoD9tw/5273b2fd-e6b5-496f-c089-c4c6eb5d2b00/public"
15001,"https://imagedelivery.net/e9QbXi7FHwgziNweDoD9tw/700eadb7-f281-4f19-dc7b-cbd809dc7300/public"
15001,"https://imagedelivery.net/e9QbXi7FHwgziNweDoD9tw/507637b7-6238-478e-0b3f-c3df78e0f600/public"
15001,"https://imagedelivery.net/e9QbXi7FHwgziNweDoD9tw/2ea8a9ee-e6a0-4aa6-8d51-39a747b88100/public"
15005,"https://imagedelivery.net/e9QbXi7FHwgziNweDoD9tw/161ae209-2b80-464b-dca3-813b260dfe00/public"
15005,"https://imagedelivery.net/e9QbXi7FHwgziNweDoD9tw/7af990f3-0744-4415-3678-f368ba454900/public"
15005,"https://imagedelivery.net/e9QbXi7FHwgziNweDoD9tw/6058b100-8081-4650-d91c-4ffef4fe9800/public"
15004,"https://imagedelivery.net/e9QbXi7FHwgziNweDoD9tw/d0595ec5-ad9f-4cc2-8ccc-d486f8bcde00/public"
15004,"https://imagedelivery.net/e9QbXi7FHwgziNweDoD9tw/17d304c0-bf37-4aef-0fec-692ae4036400/public"
15004,"https://imagedelivery.net/e9QbXi7FHwgziNweDoD9tw/e1fa869f-6d7c-44bb-669d-a5e0a3f08c00/public"
14998,"https://imagedelivery.net/e9QbXi7FHwgziNweDoD9tw/a163ef8f-83c6-41cd-39fb-ab6d18621500/public"
14998,"https://imagedelivery.net/e9QbXi7FHwgziNweDoD9tw/5e23bdb2-fe38-41c8-6132-2a2479280800/public"
14998,"https://imagedelivery.net/e9QbXi7FHwgziNweDoD9tw/8074e6fb-a35e-4e89-929b-3f1b3e4e2c00/public"
15006,"https://imagedelivery.net/e9QbXi7FHwgziNweDoD9tw/7ec59ee5-ac0f-4c1c-1a01-a5ea65414900/public"
15006,"https://imagedelivery.net/e9QbXi7FHwgziNweDoD9tw/935ad04b-3469-45d7-334e-af0c1e987e00/public"
15006,"https://imagedelivery.net/e9QbXi7FHwgziNweDoD9tw/9546a6c4-9606-4583-5255-a094297fc100/public"
15003,"https://imagedelivery.net/e9QbXi7FHwgziNweDoD9tw/907d1430-ef49-489e-1446-ab16e8c38a00/public"
15003,"https://imagedelivery.net/e9QbXi7FHwgziNweDoD9tw/32e8cd8e-e579-4060-65f5-b2a9a549e500/public"
15003,"https://imagedelivery.net/e9QbXi7FHwgziNweDoD9tw/ad773dd8-c196-4e7d-81cb-1485d4938300/public"
14959,"https://imagedelivery.net/e9QbXi7FHwgziNweDoD9tw/9ea45650-638a-4d3f-64a4-4ccd56f86d00/public"
14959,"https://imagedelivery.net/e9QbXi7FHwgziNweDoD9tw/22907af4-9d65-492d-8d68-282a1dc65800/public"
14959,"https://imagedelivery.net/e9QbXi7FHwgziNweDoD9tw/5f95b2b7-9411-4231-05d0-e2a0bf1b6000/public"
14955,"https://imagedelivery.net/e9QbXi7FHwgziNweDoD9tw/4e46c46f-5e2f-47b9-214f-1b2e0abb1700/public"
14955,"https://imagedelivery.net/e9QbXi7FHwgziNweDoD9tw/8ab37959-7c5c-4345-a316-e92ae5da7100/public"
14955,"https://imagedelivery.net/e9QbXi7FHwgziNweDoD9tw/08e173f6-b2b3-4325-0035-fa40c45d6d00/public"
14956,"https://imagedelivery.net/e9QbXi7FHwgziNweDoD9tw/97bffe20-8785-40fe-3074-92ed465c2a00/public"
14956,"https://imagedelivery.net/e9QbXi7FHwgziNweDoD9tw/e2841864-e088-49cf-a8a4-2b2e1c9a2600/public"
14956,"https://imagedelivery.net/e9QbXi7FHwgziNweDoD9tw/ace68414-b2e0-46bf-53e6-a7371044fc00/public"
14957,"https://imagedelivery.net/e9QbXi7FHwgziNweDoD9tw/9ee1e11e-4d9b-48c8-eb7f-fd9579959f00/public"
14957,"https://imagedelivery.net/e9QbXi7FHwgziNweDoD9tw/e5e2f83f-343f-4b22-8d7d-fc641dd92c00/public"
14957,"https://imagedelivery.net/e9QbXi7FHwgziNweDoD9tw/9ace9c8c-361d-4f1b-476f-73557f56c100/public"
14958,"https://imagedelivery.net/e9QbXi7FHwgziNweDoD9tw/c65ee7e7-c9ed-44f1-a718-99b0d1544300/public"
14958,"https://imagedelivery.net/e9QbXi7FHwgziNweDoD9tw/af480723-c225-4833-6bb8-f76a5ff8ab00/public"
14958,"https://imagedelivery.net/e9QbXi7FHwgziNweDoD9tw/a012b18c-b952-4ebf-7965-05e629f1ee00/public"
15032,"https://imagedelivery.net/e9QbXi7FHwgziNweDoD9tw/dc1e204e-9f4a-44eb-7279-6e93e4e2e600/public"
15032,"https://imagedelivery.net/e9QbXi7FHwgziNweDoD9tw/f01fa48e-2bef-4875-22b1-a4f7986bc200/public"
15032,"https://imagedelivery.net/e9QbXi7FHwgziNweDoD9tw/bb7e2ef8-8010-41e7-6cf2-94f66da0c900/public"
15013,"https://imagedelivery.net/e9QbXi7FHwgziNweDoD9tw/53be7ff6-51a8-4e37-d014-f1b231a64900/public"
15013,"https://imagedelivery.net/e9QbXi7FHwgziNweDoD9tw/269d833f-f03f-4df6-2c36-d719cffd3000/public"
15013,"https://imagedelivery.net/e9QbXi7FHwgziNweDoD9tw/5ef24f50-e5da-4cd5-fb4b-1fc114a57f00/public"
15038,"https://imagedelivery.net/e9QbXi7FHwgziNweDoD9tw/11db51de-d8cf-47f0-2996-1c12fa5b5800/public"
15038,"https://imagedelivery.net/e9QbXi7FHwgziNweDoD9tw/4d76f68a-ec7f-4955-9d67-fff4fd1b0900/public"
15038,"https://imagedelivery.net/e9QbXi7FHwgziNweDoD9tw/3ac4addb-dc3b-44d7-0ce7-3e01e514e800/public"
14963,"https://imagedelivery.net/e9QbXi7FHwgziNweDoD9tw/91ac8c0a-5b80-4184-bc66-f69245898500/public"
14963,"https://imagedelivery.net/e9QbXi7FHwgziNweDoD9tw/9d8c13fe-32c4-43a6-7164-ddf6e2f5b600/public"
14963,"https://imagedelivery.net/e9QbXi7FHwgziNweDoD9tw/37fdbcfe-819b-4fb4-c18c-c74ef9719900/public"
14961,"https://imagedelivery.net/e9QbXi7FHwgziNweDoD9tw/b3dba457-16db-4bba-d03e-0ff976f80200/public"
14961,"https://imagedelivery.net/e9QbXi7FHwgziNweDoD9tw/5307bc5a-9efe-4b88-e1af-7333c51dbd00/public"
14961,"https://imagedelivery.net/e9QbXi7FHwgziNweDoD9tw/1200ac85-4002-453b-8de5-63e514987200/public"
14960,"https://imagedelivery.net/e9QbXi7FHwgziNweDoD9tw/6c7cde45-7ced-4d34-7615-b164d8f06e00/public"
14960,"https://imagedelivery.net/e9QbXi7FHwgziNweDoD9tw/6c3c6a03-5892-42e4-f2ac-8d1581c6ca00/public"
14960,"https://imagedelivery.net/e9QbXi7FHwgziNweDoD9tw/b0b74c87-5cf3-4b10-3201-2386c7073f00/public"
14964,"https://imagedelivery.net/e9QbXi7FHwgziNweDoD9tw/839c7f47-5d3c-4b29-ea61-8bd2beacc600/public"
14964,"https://imagedelivery.net/e9QbXi7FHwgziNweDoD9tw/de06f68c-0e69-4a39-892f-52732890f900/public"
14964,"https://imagedelivery.net/e9QbXi7FHwgziNweDoD9tw/a9d0d41d-0c81-4180-b333-796e9f42f500/public"
14962,"https://imagedelivery.net/e9QbXi7FHwgziNweDoD9tw/95205ae5-4f6b-4088-d4d8-cb09aa2a6400/public"
14962,"https://imagedelivery.net/e9QbXi7FHwgziNweDoD9tw/68ecb0b9-1688-4b2d-a706-1477139aa300/public"
14962,"https://imagedelivery.net/e9QbXi7FHwgziNweDoD9tw/90297900-d119-4504-e160-277ecdb92b00/public"
14986,"https://imagedelivery.net/e9QbXi7FHwgziNweDoD9tw/316f82c6-c465-4f16-c925-2c51d8bdc500/public"
14986,"https://imagedelivery.net/e9QbXi7FHwgziNweDoD9tw/9574c360-9a47-4c38-c527-1627ea292800/public"
14986,"https://imagedelivery.net/e9QbXi7FHwgziNweDoD9tw/e52239a2-1184-4a64-21b1-057c81215500/public"
14987,"https://imagedelivery.net/e9QbXi7FHwgziNweDoD9tw/82dc1131-bf49-466b-b2e5-8985cd8b4400/public"
14987,"https://imagedelivery.net/e9QbXi7FHwgziNweDoD9tw/a65cc87a-ce7d-4625-7714-0bca9f84a500/public"
14987,"https://imagedelivery.net/e9QbXi7FHwgziNweDoD9tw/4562b9b3-2a99-42c2-a40a-785744167200/public"
14985,"https://imagedelivery.net/e9QbXi7FHwgziNweDoD9tw/83d877a1-548c-4688-b175-e8d211113600/public"
14985,"https://imagedelivery.net/e9QbXi7FHwgziNweDoD9tw/9b654e0f-ffcc-452c-8e21-9cf6984d1000/public"
14985,"https://imagedelivery.net/e9QbXi7FHwgziNweDoD9tw/521f7112-1798-4fe0-6bcc-7edfa93a0100/public"
14992,"https://imagedelivery.net/e9QbXi7FHwgziNweDoD9tw/bf9636e5-a262-4a92-c0d9-d338ecc80b00/public"
14992,"https://imagedelivery.net/e9QbXi7FHwgziNweDoD9tw/72b0c938-4ce0-4039-1343-384f87329d00/public"
14992,"https://imagedelivery.net/e9QbXi7FHwgziNweDoD9tw/b2f96714-6e60-4465-7abf-dbb0ea2e3500/public"
14990,"https://imagedelivery.net/e9QbXi7FHwgziNweDoD9tw/793097dc-716a-4d7f-01bd-8d8017506c00/public"
14990,"https://imagedelivery.net/e9QbXi7FHwgziNweDoD9tw/fbdc5cf6-480e-4f79-b411-3c2853c61700/public"
14990,"https://imagedelivery.net/e9QbXi7FHwgziNweDoD9tw/a4e96262-1763-43c6-b1ab-1b536487c700/public"
14989,"https://imagedelivery.net/e9QbXi7FHwgziNweDoD9tw/d0ffdd61-c27b-4ac2-9fff-3a912864cc00/public"
14989,"https://imagedelivery.net/e9QbXi7FHwgziNweDoD9tw/ce09be91-ce76-4380-052e-0b1553b60800/public"
14989,"https://imagedelivery.net/e9QbXi7FHwgziNweDoD9tw/f71c1e36-54b8-4a42-08fe-581a8917fd00/public"
14991,"https://imagedelivery.net/e9QbXi7FHwgziNweDoD9tw/e3d8b4f2-3325-407a-78f0-02987a1c1100/public"
14991,"https://imagedelivery.net/e9QbXi7FHwgziNweDoD9tw/8201d1ee-ac80-4f3d-20e4-bc8e3c3df100/public"
14991,"https://imagedelivery.net/e9QbXi7FHwgziNweDoD9tw/b831377d-4bea-4ac3-f4c6-865c1e14a900/public"
14988,"https://imagedelivery.net/e9QbXi7FHwgziNweDoD9tw/de2ffe33-87da-4383-4267-3d273bf16e00/public"
14988,"https://imagedelivery.net/e9QbXi7FHwgziNweDoD9tw/abdecaff-14eb-4fd7-fbb3-fbbe00d6c200/public"
14988,"https://imagedelivery.net/e9QbXi7FHwgziNweDoD9tw/cbd5bd9d-3a93-4556-3047-6d43fd1b9600/public"
14982,"https://imagedelivery.net/e9QbXi7FHwgziNweDoD9tw/ccb58a10-909a-4323-a3c6-7f1da2434300/public"
14982,"https://imagedelivery.net/e9QbXi7FHwgziNweDoD9tw/c8636bac-657a-47ba-4507-c09e5de2c200/public"
14982,"https://imagedelivery.net/e9QbXi7FHwgziNweDoD9tw/3548f842-f766-4e9c-5113-6692507eaf00/public"
14984,"https://imagedelivery.net/e9QbXi7FHwgziNweDoD9tw/3b5bb799-cd79-4feb-10ad-bbe38cb7e500/public"
14984,"https://imagedelivery.net/e9QbXi7FHwgziNweDoD9tw/4c975bea-4824-4217-1da3-6601d2538500/public"
14984,"https://imagedelivery.net/e9QbXi7FHwgziNweDoD9tw/589dfb01-6848-42ae-6258-0fde8f67db00/public"
14980,"https://imagedelivery.net/e9QbXi7FHwgziNweDoD9tw/99ed1d07-4a1a-4f5b-e283-4eba5d6c4800/public"
14980,"https://imagedelivery.net/e9QbXi7FHwgziNweDoD9tw/6d1cb8ce-c4f8-4780-20c1-b8c0e4574000/public"
14980,"https://imagedelivery.net/e9QbXi7FHwgziNweDoD9tw/42d623d6-d8d6-4150-6f7f-7f28b0defc00/public"
14981,"https://imagedelivery.net/e9QbXi7FHwgziNweDoD9tw/6021b7cb-88e6-4a6d-d023-829677ba5d00/public"
14981,"https://imagedelivery.net/e9QbXi7FHwgziNweDoD9tw/1505779d-f1e6-4262-d86a-3baff873b200/public"
14981,"https://imagedelivery.net/e9QbXi7FHwgziNweDoD9tw/240b3ddd-d082-4d23-557d-7902c12edb00/public"
14983,"https://imagedelivery.net/e9QbXi7FHwgziNweDoD9tw/7bb7bfd6-186d-4098-b742-b2626cf6ca00/public"
14983,"https://imagedelivery.net/e9QbXi7FHwgziNweDoD9tw/768686ee-b000-4cdd-787d-5ae2ad930b00/public"
14983,"https://imagedelivery.net/e9QbXi7FHwgziNweDoD9tw/e6cc9319-5983-4d9c-2ab4-ce14a3cf5600/public"
14975,"https://imagedelivery.net/e9QbXi7FHwgziNweDoD9tw/3cab2150-12b4-4209-9042-bda7af492600/public"
14975,"https://imagedelivery.net/e9QbXi7FHwgziNweDoD9tw/3d8fb9cc-713c-4584-ba44-0173391a7a00/public"
14975,"https://imagedelivery.net/e9QbXi7FHwgziNweDoD9tw/b359a432-babd-4276-d22d-4732f17e5c00/public"
14976,"https://imagedelivery.net/e9QbXi7FHwgziNweDoD9tw/a0f393bc-8b48-43cc-39ea-aea919003e00/public"
14976,"https://imagedelivery.net/e9QbXi7FHwgziNweDoD9tw/f97c252f-bb6d-4cc3-5d4d-6159f98d1d00/public"
14976,"https://imagedelivery.net/e9QbXi7FHwgziNweDoD9tw/ca67bc87-0964-4d87-dcb0-3dc7f1b19a00/public"
14977,"https://imagedelivery.net/e9QbXi7FHwgziNweDoD9tw/5db072ba-7bc8-446c-a98a-d28eb0b59600/public"
14977,"https://imagedelivery.net/e9QbXi7FHwgziNweDoD9tw/171e4c8c-da4c-4e17-ffce-972c3c800600/public"
14977,"https://imagedelivery.net/e9QbXi7FHwgziNweDoD9tw/b9345f98-8acc-4e4a-deba-3af581933800/public"
14978,"https://imagedelivery.net/e9QbXi7FHwgziNweDoD9tw/8313783b-bd26-4673-c3f0-d6ef2d260500/public"
14978,"https://imagedelivery.net/e9QbXi7FHwgziNweDoD9tw/f684b7fb-c2ba-4b6f-5127-82113aa43900/public"
14978,"https://imagedelivery.net/e9QbXi7FHwgziNweDoD9tw/73dacdf1-8784-4b9a-8597-217cd90edf00/public"
14973,"https://imagedelivery.net/e9QbXi7FHwgziNweDoD9tw/f38678bc-c12c-46f4-fd4d-bf3029079a00/public"
14973,"https://imagedelivery.net/e9QbXi7FHwgziNweDoD9tw/ea51f1f7-81ef-42b3-555f-1ffc6f09ae00/public"
14973,"https://imagedelivery.net/e9QbXi7FHwgziNweDoD9tw/c56ac3a1-0474-41b8-a00a-36868620f800/public"
14972,"https://imagedelivery.net/e9QbXi7FHwgziNweDoD9tw/0185fab9-ad98-4df5-ba9b-fba2d225aa00/public"
14972,"https://imagedelivery.net/e9QbXi7FHwgziNweDoD9tw/435516cc-2ce9-45dd-f97f-c958ee212a00/public"
14972,"https://imagedelivery.net/e9QbXi7FHwgziNweDoD9tw/90ce0ded-3612-4d6c-9b1c-feaa8d9b6f00/public"
14974,"https://imagedelivery.net/e9QbXi7FHwgziNweDoD9tw/2e3a1bf5-e354-423d-c782-bfbed6ce7c00/public"
14974,"https://imagedelivery.net/e9QbXi7FHwgziNweDoD9tw/cd65196e-c501-4fbb-eb69-d83ebe42bb00/public"
14974,"https://imagedelivery.net/e9QbXi7FHwgziNweDoD9tw/0dd23512-1f3f-4c86-a589-3cccace2a000/public"
14969,"https://imagedelivery.net/e9QbXi7FHwgziNweDoD9tw/e27034b4-641f-4875-16fd-5ad3901f3b00/public"
14969,"https://imagedelivery.net/e9QbXi7FHwgziNweDoD9tw/6f7b8d2e-7be9-4530-befa-e4e5c7949e00/public"
14969,"https://imagedelivery.net/e9QbXi7FHwgziNweDoD9tw/23dec7b6-31a7-4ca9-fc06-fb4e6db72700/public"
14970,"https://imagedelivery.net/e9QbXi7FHwgziNweDoD9tw/af912649-08c6-4354-163c-a2dd549b4200/public"
14970,"https://imagedelivery.net/e9QbXi7FHwgziNweDoD9tw/e7f8b22b-7e42-482b-108c-9fc0b73eaf00/public"
14970,"https://imagedelivery.net/e9QbXi7FHwgziNweDoD9tw/c3458064-0ca9-416a-8d1e-4d63494cac00/public"
14971,"https://imagedelivery.net/e9QbXi7FHwgziNweDoD9tw/d5fa9dce-77c1-4766-4d84-65c9b5a9ef00/public"
14971,"https://imagedelivery.net/e9QbXi7FHwgziNweDoD9tw/7d7ada88-9321-44a3-7137-2353ec03e900/public"
14971,"https://imagedelivery.net/e9QbXi7FHwgziNweDoD9tw/2f5b364e-c741-478d-3074-058ed6b20d00/public"
14968,"https://imagedelivery.net/e9QbXi7FHwgziNweDoD9tw/aac6c161-e6db-46ee-3d24-a4465d293f00/public"
14968,"https://imagedelivery.net/e9QbXi7FHwgziNweDoD9tw/df2aaf15-33f9-4449-60ef-2f9a4e444600/public"
14968,"https://imagedelivery.net/e9QbXi7FHwgziNweDoD9tw/db313d1a-0afb-43cf-4b9a-aa46798c1700/public"
15025,"https://imagedelivery.net/e9QbXi7FHwgziNweDoD9tw/9e1ad50b-9974-492d-ee4b-1dbaa99de700/public"
15025,"https://imagedelivery.net/e9QbXi7FHwgziNweDoD9tw/08cf1053-6acc-48e1-3bf3-055ee3ee2200/public"
15025,"https://imagedelivery.net/e9QbXi7FHwgziNweDoD9tw/beb58dfc-bbb1-45d3-f2c2-69b67a7e5e00/public"
14951,"https://imagedelivery.net/e9QbXi7FHwgziNweDoD9tw/4451b1d2-0fe4-45dd-3987-39ffc6702200/public"
14951,"https://imagedelivery.net/e9QbXi7FHwgziNweDoD9tw/06a31320-722d-4a9c-d32a-40641eff3800/public"
14951,"https://imagedelivery.net/e9QbXi7FHwgziNweDoD9tw/a3ec017a-c571-4e23-5933-e4aa76325600/public"
14953,"https://imagedelivery.net/e9QbXi7FHwgziNweDoD9tw/2427d4cd-3db5-4066-4f00-a7343d484e00/public"
14953,"https://imagedelivery.net/e9QbXi7FHwgziNweDoD9tw/f3b5776d-e9b9-437b-815c-35e8f3047d00/public"
14953,"https://imagedelivery.net/e9QbXi7FHwgziNweDoD9tw/8fc204a0-c9a5-49d1-01ce-c9dc628d3500/public"
14950,"https://imagedelivery.net/e9QbXi7FHwgziNweDoD9tw/23c90da8-2390-4185-1322-7a70b82b5f00/public"
14950,"https://imagedelivery.net/e9QbXi7FHwgziNweDoD9tw/05e422e6-c547-486d-9769-938b40765200/public"
14950,"https://imagedelivery.net/e9QbXi7FHwgziNweDoD9tw/7aacc333-9091-468c-42cc-b4aa0f8e8900/public"
14954,"https://imagedelivery.net/e9QbXi7FHwgziNweDoD9tw/76b736f7-726b-4f94-a9db-53594a309700/public"
14954,"https://imagedelivery.net/e9QbXi7FHwgziNweDoD9tw/f459c5c8-5c57-4e31-424e-bc22e0e54900/public"
14954,"https://imagedelivery.net/e9QbXi7FHwgziNweDoD9tw/e8292d33-0412-4b64-cfa8-6353eb901100/public"
14952,"https://imagedelivery.net/e9QbXi7FHwgziNweDoD9tw/104855dd-7a1b-4e23-53fe-cd8dddd76e00/public"
14952,"https://imagedelivery.net/e9QbXi7FHwgziNweDoD9tw/3071bd8f-252f-4977-2ba4-ecd7c5069c00/public"
14952,"https://imagedelivery.net/e9QbXi7FHwgziNweDoD9tw/79f5b9ff-eaa9-4db3-7e28-f51e89c82900/public"
15009,"https://imagedelivery.net/e9QbXi7FHwgziNweDoD9tw/d2b686f4-1f0d-4cba-1202-13827dd52f00/public"
15009,"https://imagedelivery.net/e9QbXi7FHwgziNweDoD9tw/56a39a1e-b1cb-4697-3b30-81fb72336100/public"
15009,"https://imagedelivery.net/e9QbXi7FHwgziNweDoD9tw/f5558f38-6f07-422e-dec3-ae559db22b00/public"
15028,"https://imagedelivery.net/e9QbXi7FHwgziNweDoD9tw/4516e4f5-c01b-424f-97ad-4eaaa8e06b00/public"
15028,"https://imagedelivery.net/e9QbXi7FHwgziNweDoD9tw/f89148e3-5b54-4d2d-3ce9-94aa28f59600/public"
15028,"https://imagedelivery.net/e9QbXi7FHwgziNweDoD9tw/d16c09a3-452b-41fe-b297-8f622e7f8000/public"
15008,"https://imagedelivery.net/e9QbXi7FHwgziNweDoD9tw/0f2a374e-687e-495a-82ef-98e26f18a900/public"
15008,"https://imagedelivery.net/e9QbXi7FHwgziNweDoD9tw/2fb2dfff-ea3f-4722-c682-2fb095c3d400/public"
15008,"https://imagedelivery.net/e9QbXi7FHwgziNweDoD9tw/b1359fb7-36e7-4ee6-246e-4fb866817e00/public"
15015,"https://imagedelivery.net/e9QbXi7FHwgziNweDoD9tw/2c4cb366-3200-4069-5b81-4d74c6c38000/public"
15015,"https://imagedelivery.net/e9QbXi7FHwgziNweDoD9tw/189d4ca8-85b8-4c7e-2df0-214a91d58300/public"
15015,"https://imagedelivery.net/e9QbXi7FHwgziNweDoD9tw/bba53bb6-9809-4d40-5990-e7fa6a5c7100/public"
15011,"https://imagedelivery.net/e9QbXi7FHwgziNweDoD9tw/07c5221e-ea99-4f40-3487-d60f56b5dd00/public"
15011,"https://imagedelivery.net/e9QbXi7FHwgziNweDoD9tw/93a0c022-7e81-4a85-d0aa-2d4a9e541b00/public"
15011,"https://imagedelivery.net/e9QbXi7FHwgziNweDoD9tw/1e7292b2-fd97-4fd0-5b99-5ef3b40c4800/public"
15010,"https://imagedelivery.net/e9QbXi7FHwgziNweDoD9tw/9664d55e-ad2d-4c2f-e7ca-3e790571cc00/public"
15010,"https://imagedelivery.net/e9QbXi7FHwgziNweDoD9tw/7b73fac6-93cf-4fcc-a8da-e9406935ce00/public"
15010,"https://imagedelivery.net/e9QbXi7FHwgziNweDoD9tw/12d5a09d-0fb1-4545-b097-04b796296800/public"
15012,"https://imagedelivery.net/e9QbXi7FHwgziNweDoD9tw/9c2ca406-8b85-4c37-197d-48dedddcd600/public"
15012,"https://imagedelivery.net/e9QbXi7FHwgziNweDoD9tw/3c823a1b-d133-43b7-3cd9-8a4822fc1800/public"
15012,"https://imagedelivery.net/e9QbXi7FHwgziNweDoD9tw/80c82b81-df4e-4fb2-462d-fec0ab0dad00/public"
15007,"https://imagedelivery.net/e9QbXi7FHwgziNweDoD9tw/abf0726a-5717-44e3-03ff-f3da1c0fde00/public"
15007,"https://imagedelivery.net/e9QbXi7FHwgziNweDoD9tw/24d721f1-cec5-4736-ee16-ca8fcd3a8200/public"
15007,"https://imagedelivery.net/e9QbXi7FHwgziNweDoD9tw/7b43dca3-119c-4d17-f9b5-88a771c04c00/public"
14965,"https://imagedelivery.net/e9QbXi7FHwgziNweDoD9tw/cc9baf9c-81dd-42c1-81e5-b21c82dc3900/public"
14965,"https://imagedelivery.net/e9QbXi7FHwgziNweDoD9tw/2629d70f-3d47-487e-3277-947fd3481e00/public"
14965,"https://imagedelivery.net/e9QbXi7FHwgziNweDoD9tw/7b073994-4112-4dfe-b347-9d93e4579100/public"
15020,"https://imagedelivery.net/e9QbXi7FHwgziNweDoD9tw/fd06872b-1772-454e-3550-ccdd0b07df00/public"
15020,"https://imagedelivery.net/e9QbXi7FHwgziNweDoD9tw/5ea8db8d-90f6-4085-555b-346875cdd400/public"
15020,"https://imagedelivery.net/e9QbXi7FHwgziNweDoD9tw/87912f63-c6de-4ffe-7efb-129038821e00/public"
15024,"https://imagedelivery.net/e9QbXi7FHwgziNweDoD9tw/413b9865-f723-4ec5-b2e2-09656733b600/public"
15024,"https://imagedelivery.net/e9QbXi7FHwgziNweDoD9tw/345d616d-b6e0-48c4-122f-fda75ee85500/public"
15024,"https://imagedelivery.net/e9QbXi7FHwgziNweDoD9tw/b15b7717-95cf-4f1e-8c64-40f7e4fa8000/public"
15054,"https://imagedelivery.net/e9QbXi7FHwgziNweDoD9tw/cc2777b2-682b-4eb6-4ce0-5daa6df3e900/public"
15054,"https://imagedelivery.net/e9QbXi7FHwgziNweDoD9tw/a43ac5cd-22c4-4037-ca85-397c225fff00/public"
15054,"https://imagedelivery.net/e9QbXi7FHwgziNweDoD9tw/20ae8373-65a8-4f2b-788e-1884b99fdf00/public"
15096,"https://imagedelivery.net/e9QbXi7FHwgziNweDoD9tw/289ef64e-34e8-44d5-7666-10713f645d00/public"
15096,"https://imagedelivery.net/e9QbXi7FHwgziNweDoD9tw/feb0706c-0531-476e-1615-92820a533000/public"
15096,"https://imagedelivery.net/e9QbXi7FHwgziNweDoD9tw/a54c1505-aefb-46bc-75f0-23011ce59200/public"
15130,"https://imagedelivery.net/e9QbXi7FHwgziNweDoD9tw/9801acce-617f-4569-a5ee-62002c52b200/public"
15130,"https://imagedelivery.net/e9QbXi7FHwgziNweDoD9tw/f24de23b-76d8-49f2-9b73-eb82d90ce000/public"
15130,"https://imagedelivery.net/e9QbXi7FHwgziNweDoD9tw/7dfa4d85-1aad-4813-94fd-3acfb1eddd00/public"
15080,"https://imagedelivery.net/e9QbXi7FHwgziNweDoD9tw/10495135-99dc-4a45-8d94-98678fb1cc00/public"
15080,"https://imagedelivery.net/e9QbXi7FHwgziNweDoD9tw/a5b7c49e-b949-465b-54e6-85e9be0e3400/public"
15080,"https://imagedelivery.net/e9QbXi7FHwgziNweDoD9tw/72e355e6-9c70-4ac8-ad38-21f67d0ce700/public"
15079,"https://imagedelivery.net/e9QbXi7FHwgziNweDoD9tw/d2f25fa7-dbd2-41a2-63da-c8266a045800/public"
15079,"https://imagedelivery.net/e9QbXi7FHwgziNweDoD9tw/334ab996-07b5-4791-f6de-cd075b3a9c00/public"
15079,"https://imagedelivery.net/e9QbXi7FHwgziNweDoD9tw/d5cb820e-245f-4187-df99-1a4c23e73400/public"
15094,"https://imagedelivery.net/e9QbXi7FHwgziNweDoD9tw/90f2053a-9d74-48d5-15c6-4cf0c33a3000/public"
15094,"https://imagedelivery.net/e9QbXi7FHwgziNweDoD9tw/9b72a83d-60d2-430b-8bea-fcee493acc00/public"
15094,"https://imagedelivery.net/e9QbXi7FHwgziNweDoD9tw/8f3b245a-35ae-48b0-99d8-c26a24ebf000/public"
15093,"https://imagedelivery.net/e9QbXi7FHwgziNweDoD9tw/9f3a1c9a-65c6-4aa7-b698-d9e826b92d00/public"
15093,"https://imagedelivery.net/e9QbXi7FHwgziNweDoD9tw/5fd3dce7-1d44-400f-4a83-324d1c150f00/public"
15093,"https://imagedelivery.net/e9QbXi7FHwgziNweDoD9tw/795918ad-4215-4461-0ca5-f78965d7ef00/public"
15092,"https://imagedelivery.net/e9QbXi7FHwgziNweDoD9tw/8120def4-81d8-440d-493b-744340c32200/public"
15092,"https://imagedelivery.net/e9QbXi7FHwgziNweDoD9tw/2b9d2529-5535-4eac-b552-618d37605800/public"
15092,"https://imagedelivery.net/e9QbXi7FHwgziNweDoD9tw/f525c9f4-9234-4022-c12b-fdf22ffacc00/public"
15131,"https://imagedelivery.net/e9QbXi7FHwgziNweDoD9tw/6a347941-ac81-40a9-7e7b-8026ceaaba00/public"
15131,"https://imagedelivery.net/e9QbXi7FHwgziNweDoD9tw/3f2c68ec-410c-4f79-9435-5cdc56e9b400/public"
15131,"https://imagedelivery.net/e9QbXi7FHwgziNweDoD9tw/23cfacc4-110f-4d8b-4255-4fcb1131dc00/public"
15062,"https://imagedelivery.net/e9QbXi7FHwgziNweDoD9tw/02f20fa8-54a6-4d4f-4328-ea60fef03500/public"
15062,"https://imagedelivery.net/e9QbXi7FHwgziNweDoD9tw/8133809a-d8bd-4259-eb7a-791505bac500/public"
15062,"https://imagedelivery.net/e9QbXi7FHwgziNweDoD9tw/118522f0-f211-4e87-6fd2-912fddca0c00/public"
15101,"https://imagedelivery.net/e9QbXi7FHwgziNweDoD9tw/a28ded5f-92d4-4d15-bbbc-720ef9e1fa00/public"
15101,"https://imagedelivery.net/e9QbXi7FHwgziNweDoD9tw/21c28355-6478-4377-e29c-41500c2cb700/public"
15101,"https://imagedelivery.net/e9QbXi7FHwgziNweDoD9tw/422526c3-50ee-40fc-e93e-11dae0b4ce00/public"
15132,"https://imagedelivery.net/e9QbXi7FHwgziNweDoD9tw/ff9e6afe-ba12-43ef-a375-a08bfa613a00/public"
15132,"https://imagedelivery.net/e9QbXi7FHwgziNweDoD9tw/d5b0449b-5891-42a7-a9e3-41e5e90e5b00/public"
15132,"https://imagedelivery.net/e9QbXi7FHwgziNweDoD9tw/e26186ca-2014-40f4-ccee-f8a5828f9900/public"
15063,"https://imagedelivery.net/e9QbXi7FHwgziNweDoD9tw/3bd22ce2-6730-41da-10d7-8938c4a26d00/public"
15063,"https://imagedelivery.net/e9QbXi7FHwgziNweDoD9tw/96e9c926-f2ea-457f-0d85-7c06611bed00/public"
15063,"https://imagedelivery.net/e9QbXi7FHwgziNweDoD9tw/6e4eae13-1eb6-4df0-f399-87cb9960a700/public"
15060,"https://imagedelivery.net/e9QbXi7FHwgziNweDoD9tw/6712ea26-029a-47aa-da95-8cca2b782700/public"
15060,"https://imagedelivery.net/e9QbXi7FHwgziNweDoD9tw/108dbcc0-12b8-4872-11af-9650705aca00/public"
15060,"https://imagedelivery.net/e9QbXi7FHwgziNweDoD9tw/9ae76e5c-1a98-42ca-fb2d-1e43499efc00/public"
15091,"https://imagedelivery.net/e9QbXi7FHwgziNweDoD9tw/19caf4b4-8ff9-49a4-b845-9e76b2e09300/public"
15091,"https://imagedelivery.net/e9QbXi7FHwgziNweDoD9tw/87e9184b-96d8-4876-4263-3d8532639900/public"
15091,"https://imagedelivery.net/e9QbXi7FHwgziNweDoD9tw/8bc8bc54-dbb2-4bac-2e16-611925053d00/public"
15061,"https://imagedelivery.net/e9QbXi7FHwgziNweDoD9tw/fa9d3c5e-b991-497b-9b37-956f265c6600/public"
15061,"https://imagedelivery.net/e9QbXi7FHwgziNweDoD9tw/b252a7e0-9cae-41de-6fef-186012eeb800/public"
15061,"https://imagedelivery.net/e9QbXi7FHwgziNweDoD9tw/a446b178-6e6a-4ae4-f01b-d4a3b74e0e00/public"
15083,"https://imagedelivery.net/e9QbXi7FHwgziNweDoD9tw/62fcdd76-2674-4d16-371e-6262e61dae00/public"
15083,"https://imagedelivery.net/e9QbXi7FHwgziNweDoD9tw/9c6a3843-2bf8-4849-b47e-ec8b74444f00/public"
15083,"https://imagedelivery.net/e9QbXi7FHwgziNweDoD9tw/b03d0e96-63b0-4989-6fb7-9e1765693100/public"
15082,"https://imagedelivery.net/e9QbXi7FHwgziNweDoD9tw/07d9c7ac-0134-4e56-01c0-89f5f09c6200/public"
15082,"https://imagedelivery.net/e9QbXi7FHwgziNweDoD9tw/ac6fabee-3754-4627-bb55-d7f3e4b81c00/public"
15082,"https://imagedelivery.net/e9QbXi7FHwgziNweDoD9tw/7973ef17-ec41-45ee-d596-a96e98b48f00/public"
15081,"https://imagedelivery.net/e9QbXi7FHwgziNweDoD9tw/b3f9c734-bab4-4d47-fe3f-18a8e1cb7e00/public"
15081,"https://imagedelivery.net/e9QbXi7FHwgziNweDoD9tw/c228fd1a-16ce-4c35-327c-1bb55f282000/public"
15081,"https://imagedelivery.net/e9QbXi7FHwgziNweDoD9tw/62d852ab-eb19-4bfd-2ecc-9e4ff7796100/public"
15118,"https://imagedelivery.net/e9QbXi7FHwgziNweDoD9tw/c3dc8e7d-ad93-4d42-1b95-da88f54e5100/public"
15118,"https://imagedelivery.net/e9QbXi7FHwgziNweDoD9tw/a26576b2-ceda-4342-09a0-28a84293a500/public"
15118,"https://imagedelivery.net/e9QbXi7FHwgziNweDoD9tw/da91d3be-12be-4eb9-2bd4-e619381d7b00/public"
15119,"https://imagedelivery.net/e9QbXi7FHwgziNweDoD9tw/8f12b4b7-8507-4a47-761e-cd900a4b2d00/public"
15119,"https://imagedelivery.net/e9QbXi7FHwgziNweDoD9tw/083b8870-f5b9-4036-3b82-259f1f680100/public"
15119,"https://imagedelivery.net/e9QbXi7FHwgziNweDoD9tw/2867eb5a-436c-49b1-abae-1477bc5a6c00/public"
15120,"https://imagedelivery.net/e9QbXi7FHwgziNweDoD9tw/da073d40-b561-445c-f211-c7af6deed900/public"
15120,"https://imagedelivery.net/e9QbXi7FHwgziNweDoD9tw/b94318df-bfae-4637-78f3-cf37e001dc00/public"
15120,"https://imagedelivery.net/e9QbXi7FHwgziNweDoD9tw/253c1cd1-6749-45bd-96a6-3293d4d9ae00/public"
15121,"https://imagedelivery.net/e9QbXi7FHwgziNweDoD9tw/e7e03c58-8da0-462c-358a-73a648efae00/public"
15121,"https://imagedelivery.net/e9QbXi7FHwgziNweDoD9tw/ebf47ff9-bf54-4ffb-abba-f112a6f38b00/public"
15121,"https://imagedelivery.net/e9QbXi7FHwgziNweDoD9tw/c3f41be9-1bd3-4142-b2c4-f583b2d7aa00/public"
15055,"https://imagedelivery.net/e9QbXi7FHwgziNweDoD9tw/c8f43a83-5dbc-4eae-1bcd-d8229df8a400/public"
15055,"https://imagedelivery.net/e9QbXi7FHwgziNweDoD9tw/d90aea27-dd88-4d67-72cd-2b5f2dfc3c00/public"
15055,"https://imagedelivery.net/e9QbXi7FHwgziNweDoD9tw/26b75e8f-6ebe-4db5-17ca-b22ebe4c3700/public"
15056,"https://imagedelivery.net/e9QbXi7FHwgziNweDoD9tw/d594e382-be86-435e-2598-49eb056cb500/public"
15056,"https://imagedelivery.net/e9QbXi7FHwgziNweDoD9tw/98c4f06c-137d-4ee3-4cd2-451275ab0900/public"
15056,"https://imagedelivery.net/e9QbXi7FHwgziNweDoD9tw/6eccef0f-135a-440d-b7da-9e7b6abc2300/public"
15122,"https://imagedelivery.net/e9QbXi7FHwgziNweDoD9tw/e7f7275a-8f9d-4cbb-4d57-7eb581a3e400/public"
15122,"https://imagedelivery.net/e9QbXi7FHwgziNweDoD9tw/274df5d4-73e1-475d-09fe-ca664bfa9800/public"
15122,"https://imagedelivery.net/e9QbXi7FHwgziNweDoD9tw/dafea752-4d25-4e9c-d734-61864a025000/public"
15114,"https://imagedelivery.net/e9QbXi7FHwgziNweDoD9tw/a1bd54fb-e074-4d44-29eb-63e4b40ee000/public"
15114,"https://imagedelivery.net/e9QbXi7FHwgziNweDoD9tw/d1b648bc-49f8-4d7a-7042-88b4b031ed00/public"
15114,"https://imagedelivery.net/e9QbXi7FHwgziNweDoD9tw/b38a5d78-bcce-4707-a0fc-efa8d0744200/public"
15115,"https://imagedelivery.net/e9QbXi7FHwgziNweDoD9tw/c10a8676-c2e9-4dd1-a92e-b38412fd2300/public"
15115,"https://imagedelivery.net/e9QbXi7FHwgziNweDoD9tw/418503cd-e7c9-467f-0abf-121ce045ce00/public"
15115,"https://imagedelivery.net/e9QbXi7FHwgziNweDoD9tw/6a7b05a3-b1bd-47e7-8015-d183b74d5400/public"
15111,"https://imagedelivery.net/e9QbXi7FHwgziNweDoD9tw/3b1e6671-b215-47d4-bc22-3a8a95a89f00/public"
15111,"https://imagedelivery.net/e9QbXi7FHwgziNweDoD9tw/833196fc-1f7e-437b-0228-cc2d329eef00/public"
15111,"https://imagedelivery.net/e9QbXi7FHwgziNweDoD9tw/8a044676-6eae-47b8-13ab-c966e3f00900/public"
15112,"https://imagedelivery.net/e9QbXi7FHwgziNweDoD9tw/e197e63c-b49a-4de3-1457-68a453ac1c00/public"
15112,"https://imagedelivery.net/e9QbXi7FHwgziNweDoD9tw/93fd1885-35f3-4e29-4b02-8cefb4e93700/public"
15112,"https://imagedelivery.net/e9QbXi7FHwgziNweDoD9tw/bdf309c2-e745-4c7c-1a1c-724307932d00/public"
15085,"https://imagedelivery.net/e9QbXi7FHwgziNweDoD9tw/4d90493c-9b2f-4fdf-c6cd-a31a6bf93700/public"
15085,"https://imagedelivery.net/e9QbXi7FHwgziNweDoD9tw/86efc551-f42b-4476-8279-9450a5835500/public"
15085,"https://imagedelivery.net/e9QbXi7FHwgziNweDoD9tw/da768fc6-55ad-48ad-35ce-fec37365bc00/public"
15089,"https://imagedelivery.net/e9QbXi7FHwgziNweDoD9tw/fca358b1-40d8-4b49-bb62-511629ac5300/public"
15089,"https://imagedelivery.net/e9QbXi7FHwgziNweDoD9tw/a66cf281-f2cd-4f5f-a034-70e30249e700/public"
15089,"https://imagedelivery.net/e9QbXi7FHwgziNweDoD9tw/90ba5190-9dfd-4002-2476-0116d99bbe00/public"
15087,"https://imagedelivery.net/e9QbXi7FHwgziNweDoD9tw/820e189e-4709-4a38-7fbe-3b9b320e8100/public"
15087,"https://imagedelivery.net/e9QbXi7FHwgziNweDoD9tw/df08f652-cd3f-4e26-d6b1-b712bf45fc00/public"
15087,"https://imagedelivery.net/e9QbXi7FHwgziNweDoD9tw/383d02fa-bf29-49e5-68ef-2911ef138300/public"
15086,"https://imagedelivery.net/e9QbXi7FHwgziNweDoD9tw/cf2865bb-34b7-47b5-4b11-bc59add6a300/public"
15086,"https://imagedelivery.net/e9QbXi7FHwgziNweDoD9tw/fbbc715b-95f1-4241-7161-ef3f84226600/public"
15086,"https://imagedelivery.net/e9QbXi7FHwgziNweDoD9tw/78863544-7ef9-4aa0-650a-ffc7409e5700/public"
15090,"https://imagedelivery.net/e9QbXi7FHwgziNweDoD9tw/faca01df-760f-4242-927d-e65b77d55800/public"
15090,"https://imagedelivery.net/e9QbXi7FHwgziNweDoD9tw/b3bca2a0-8e50-458b-de8c-7e6a20797300/public"
15090,"https://imagedelivery.net/e9QbXi7FHwgziNweDoD9tw/dae76e80-f627-45ef-08cc-f3897f4af800/public"
15084,"https://imagedelivery.net/e9QbXi7FHwgziNweDoD9tw/996ef1d0-b079-4e68-87d2-7277ff7a1700/public"
15084,"https://imagedelivery.net/e9QbXi7FHwgziNweDoD9tw/701f5f4c-978a-43b3-e196-4951c88a8000/public"
15084,"https://imagedelivery.net/e9QbXi7FHwgziNweDoD9tw/ca677210-7b31-421e-8f7d-7f2f55693200/public"
15088,"https://imagedelivery.net/e9QbXi7FHwgziNweDoD9tw/eba2742e-55a5-405d-14c3-9f0482074200/public"
15088,"https://imagedelivery.net/e9QbXi7FHwgziNweDoD9tw/4c95bcde-fbd7-4d87-f2bc-06865860b000/public"
15088,"https://imagedelivery.net/e9QbXi7FHwgziNweDoD9tw/81decaa7-c749-4f08-324d-f6e89541cb00/public"
15133,"https://imagedelivery.net/e9QbXi7FHwgziNweDoD9tw/6acea853-8371-4b31-4dc5-6c6d3e74d500/public"
15133,"https://imagedelivery.net/e9QbXi7FHwgziNweDoD9tw/bd3833ba-f701-4e96-a338-ab047cf9de00/public"
15133,"https://imagedelivery.net/e9QbXi7FHwgziNweDoD9tw/af8763fc-3f6d-4df1-7bb5-5d4f62c20700/public"
15059,"https://imagedelivery.net/e9QbXi7FHwgziNweDoD9tw/0d83e2d3-762c-4e28-4ec8-c7a8dcddcb00/public"
15059,"https://imagedelivery.net/e9QbXi7FHwgziNweDoD9tw/d858cbed-44ad-437f-b108-44a167875d00/public"
15059,"https://imagedelivery.net/e9QbXi7FHwgziNweDoD9tw/e1c73670-001c-43e8-81e8-89be057f1300/public"
15066,"https://imagedelivery.net/e9QbXi7FHwgziNweDoD9tw/abe01800-2344-4378-4eb5-4169d032d600/public"
15066,"https://imagedelivery.net/e9QbXi7FHwgziNweDoD9tw/02027b50-a390-4536-526c-d00378217600/public"
15066,"https://imagedelivery.net/e9QbXi7FHwgziNweDoD9tw/f635f19d-94bb-43d9-0874-5fd2d5c3ad00/public"
15058,"https://imagedelivery.net/e9QbXi7FHwgziNweDoD9tw/25a5f1fc-6f9c-4986-5080-4df0b423c300/public"
15058,"https://imagedelivery.net/e9QbXi7FHwgziNweDoD9tw/366d413e-ca59-4bc6-6312-cfc98ef32e00/public"
15058,"https://imagedelivery.net/e9QbXi7FHwgziNweDoD9tw/8a2f2892-af09-483b-f11e-efde15ed0e00/public"
15073,"https://imagedelivery.net/e9QbXi7FHwgziNweDoD9tw/2268d0d8-6356-4713-16f6-2e7968a30100/public"
15073,"https://imagedelivery.net/e9QbXi7FHwgziNweDoD9tw/01f9b609-8a3d-45ca-e625-e6b1dcc19d00/public"
15073,"https://imagedelivery.net/e9QbXi7FHwgziNweDoD9tw/d8d6869d-c3cb-4890-e253-607bb7ee5600/public"
15071,"https://imagedelivery.net/e9QbXi7FHwgziNweDoD9tw/6e7c3e59-a411-4842-1b06-3effae2f0200/public"
15071,"https://imagedelivery.net/e9QbXi7FHwgziNweDoD9tw/6838b92a-43cc-4b0d-f0c7-fcf54924de00/public"
15071,"https://imagedelivery.net/e9QbXi7FHwgziNweDoD9tw/231149b9-f627-42ea-28da-bf84a3e96200/public"
15074,"https://imagedelivery.net/e9QbXi7FHwgziNweDoD9tw/60ffad06-a8d3-47c6-4b26-25d9d7702300/public"
15074,"https://imagedelivery.net/e9QbXi7FHwgziNweDoD9tw/d81e35fb-a975-4485-ac81-cf5442f78d00/public"
15074,"https://imagedelivery.net/e9QbXi7FHwgziNweDoD9tw/9d4fcb85-9f4e-461a-82a2-1ef4ed923000/public"
15070,"https://imagedelivery.net/e9QbXi7FHwgziNweDoD9tw/23e5d215-58d5-49c8-4d31-5ae0f06f5900/public"
15070,"https://imagedelivery.net/e9QbXi7FHwgziNweDoD9tw/ec596cca-fac0-4f45-ea20-00cee8df4000/public"
15070,"https://imagedelivery.net/e9QbXi7FHwgziNweDoD9tw/d930c76a-f27e-4736-ebb7-007184fdb700/public"
15072,"https://imagedelivery.net/e9QbXi7FHwgziNweDoD9tw/a3d08fe0-b373-4143-29eb-a16654768500/public"
15072,"https://imagedelivery.net/e9QbXi7FHwgziNweDoD9tw/76b59fb2-2c84-4d7a-ff7e-6cf5f54c9b00/public"
15072,"https://imagedelivery.net/e9QbXi7FHwgziNweDoD9tw/00122c84-bf49-45e8-aaf9-59f51af53300/public"
17868,"https://imagedelivery.net/e9QbXi7FHwgziNweDoD9tw/e7cb2b60-65b0-41ff-1c6b-997debf27000/public"
17868,"https://imagedelivery.net/e9QbXi7FHwgziNweDoD9tw/aac848d4-df39-41d1-8298-2a45e6791300/public"
17868,"https://imagedelivery.net/e9QbXi7FHwgziNweDoD9tw/21ad8c11-956b-4cba-4e32-d75606e9bc00/public"
17869,"https://imagedelivery.net/e9QbXi7FHwgziNweDoD9tw/98cc5b7a-38fc-4f19-6694-1cc2747b5a00/public"
17869,"https://imagedelivery.net/e9QbXi7FHwgziNweDoD9tw/4301bad4-b4b8-4731-62aa-b5d40fc90600/public"
17869,"https://imagedelivery.net/e9QbXi7FHwgziNweDoD9tw/16fb5e2d-3957-44af-b8a0-596a5837e800/public"
17939,"https://imagedelivery.net/e9QbXi7FHwgziNweDoD9tw/41c26590-9fe4-431b-dd77-54d5f65e3c00/public"
17923,"https://imagedelivery.net/e9QbXi7FHwgziNweDoD9tw/79e5f620-1dba-48bf-e4a7-2f0cca824d00/public"
17923,"https://imagedelivery.net/e9QbXi7FHwgziNweDoD9tw/eb011d5e-3d77-4ed4-b573-1a32521cff00/public"
17923,"https://imagedelivery.net/e9QbXi7FHwgziNweDoD9tw/f64d67f5-a4f4-41ed-66e7-48bfb49bd800/public"
17919,"https://imagedelivery.net/e9QbXi7FHwgziNweDoD9tw/c07212c4-7508-43b5-21d5-4e59c585b200/public"
17919,"https://imagedelivery.net/e9QbXi7FHwgziNweDoD9tw/f95a5e30-bc34-4cf4-7e8b-af33e5c5e500/public"
17919,"https://imagedelivery.net/e9QbXi7FHwgziNweDoD9tw/d98e8806-5fb9-4efe-8ed0-3c53a0603300/public"
17918,"https://imagedelivery.net/e9QbXi7FHwgziNweDoD9tw/dfd054b7-a924-44ff-d4c7-d8878f958d00/public"
17918,"https://imagedelivery.net/e9QbXi7FHwgziNweDoD9tw/56501148-9c87-4f6f-d48d-53860a2a7b00/public"
17918,"https://imagedelivery.net/e9QbXi7FHwgziNweDoD9tw/76a236be-ee53-42db-027a-e764b52b1000/public"
17930,"https://imagedelivery.net/e9QbXi7FHwgziNweDoD9tw/f6b680c7-a5aa-4a9c-52c9-d86bdd3af400/public"
17930,"https://imagedelivery.net/e9QbXi7FHwgziNweDoD9tw/33a597aa-80b5-444d-8cf9-2433ba1a3600/public"
17930,"https://imagedelivery.net/e9QbXi7FHwgziNweDoD9tw/da29dfd2-ed15-4cef-a023-75bba16bf000/public"
17931,"https://imagedelivery.net/e9QbXi7FHwgziNweDoD9tw/78028b12-f700-4a52-36b2-6ca6dd0de200/public"
17931,"https://imagedelivery.net/e9QbXi7FHwgziNweDoD9tw/92f65b34-7254-4e38-d11e-f9ad6dcf4600/public"
17931,"https://imagedelivery.net/e9QbXi7FHwgziNweDoD9tw/ed86621d-eaca-41b4-a8de-1a1fc73def00/public"
17933,"https://imagedelivery.net/e9QbXi7FHwgziNweDoD9tw/9e8166f3-caec-4cd7-6dc8-ae2e5b743e00/public"
17933,"https://imagedelivery.net/e9QbXi7FHwgziNweDoD9tw/f15fe962-8139-45fe-439f-335738495000/public"
17933,"https://imagedelivery.net/e9QbXi7FHwgziNweDoD9tw/48222c27-95cc-41e7-cd11-15e9373bc300/public"
17938,"https://imagedelivery.net/e9QbXi7FHwgziNweDoD9tw/ebcd0a79-d201-4ec1-615a-e015c15bfb00/public"
17938,"https://imagedelivery.net/e9QbXi7FHwgziNweDoD9tw/ce1b43b8-09c5-4424-bcaa-5040b58dbd00/public"
17938,"https://imagedelivery.net/e9QbXi7FHwgziNweDoD9tw/82456b22-7027-46f3-5439-57a2acb93800/public"
17927,"https://imagedelivery.net/e9QbXi7FHwgziNweDoD9tw/486bba02-fa12-424a-34bf-b34798c3b900/public"
17927,"https://imagedelivery.net/e9QbXi7FHwgziNweDoD9tw/bc6fad27-8da8-4185-a2b5-e277b2d8a000/public"
17927,"https://imagedelivery.net/e9QbXi7FHwgziNweDoD9tw/f739f6be-3f7c-453c-e22f-8b2cd9136700/public"
17928,"https://imagedelivery.net/e9QbXi7FHwgziNweDoD9tw/c3e5bf23-5f52-4b4d-bb5f-eb4f0811bf00/public"
17928,"https://imagedelivery.net/e9QbXi7FHwgziNweDoD9tw/c85f0a44-4e10-4c0e-2f14-fa08f679b900/public"
17928,"https://imagedelivery.net/e9QbXi7FHwgziNweDoD9tw/b43d4786-23b4-47d7-efd1-e4ff73124900/public"
17992,"https://imagedelivery.net/e9QbXi7FHwgziNweDoD9tw/720d466f-654e-4a20-3a5f-9ff77b605400/public"
17992,"https://imagedelivery.net/e9QbXi7FHwgziNweDoD9tw/e275ed6c-bf5c-4dd1-acc8-8ef78706b200/public"
17992,"https://imagedelivery.net/e9QbXi7FHwgziNweDoD9tw/73ce5696-1efc-40dc-a852-e11ba1cc7100/public"
17994,"https://imagedelivery.net/e9QbXi7FHwgziNweDoD9tw/5138daef-f9f5-4010-fca6-f34e3e34e800/public"
17994,"https://imagedelivery.net/e9QbXi7FHwgziNweDoD9tw/019a62d9-13e2-4dbd-58f1-8ef253855b00/public"
17994,"https://imagedelivery.net/e9QbXi7FHwgziNweDoD9tw/51e36083-341e-4bed-da7a-9feeabb0bf00/public"
18045,"https://imagedelivery.net/e9QbXi7FHwgziNweDoD9tw/41f60d07-f7a8-4bc1-5894-fc5dde109100/public"
18045,"https://imagedelivery.net/e9QbXi7FHwgziNweDoD9tw/7f2fc575-2c85-461c-9523-a7e0fde26e00/public"
18045,"https://imagedelivery.net/e9QbXi7FHwgziNweDoD9tw/eca3f9b1-9045-4ea0-5b79-a7355be2c300/public"
18016,"https://imagedelivery.net/e9QbXi7FHwgziNweDoD9tw/245d288a-543c-44a5-e712-1796d0ce5f00/public"
18016,"https://imagedelivery.net/e9QbXi7FHwgziNweDoD9tw/2adaf28b-c849-496d-61e2-21b3b4c54900/public"
18016,"https://imagedelivery.net/e9QbXi7FHwgziNweDoD9tw/214e20ff-b934-44fd-3eb6-47fc4b142d00/public"
15032,"https://imagedelivery.net/e9QbXi7FHwgziNweDoD9tw/4599284c-e302-4105-f3f5-9716f1e6c000/public"
15507,"https://imagedelivery.net/e9QbXi7FHwgziNweDoD9tw/eb861d14-688d-48ac-50a2-41c7950c7400/public"
15507,"https://imagedelivery.net/e9QbXi7FHwgziNweDoD9tw/8f3fc6bb-5c11-4e53-431d-eb6a18f5b800/public"
15507,"https://imagedelivery.net/e9QbXi7FHwgziNweDoD9tw/cf364fc9-d564-4f0a-1260-2634612f1a00/public"
15442,"https://imagedelivery.net/e9QbXi7FHwgziNweDoD9tw/cf8816dd-ec8c-4eb8-16c8-ae93a0033900/public"
15442,"https://imagedelivery.net/e9QbXi7FHwgziNweDoD9tw/05996f41-ab10-48b5-012f-219178729f00/public"
15442,"https://imagedelivery.net/e9QbXi7FHwgziNweDoD9tw/9249c9d9-cb93-4e79-5d0a-db7483bef700/public"
15429,"https://imagedelivery.net/e9QbXi7FHwgziNweDoD9tw/5c4679c7-889e-46d4-6638-3eeb7eb23600/public"
15429,"https://imagedelivery.net/e9QbXi7FHwgziNweDoD9tw/5e50b0de-f294-4898-c2e8-c2be79f7a400/public"
15429,"https://imagedelivery.net/e9QbXi7FHwgziNweDoD9tw/74405cc4-e1a5-47e7-fcd1-face33a57800/public"
16071,"https://imagedelivery.net/e9QbXi7FHwgziNweDoD9tw/87cdb880-3a01-4244-8b90-ec2d6d18e000/public"
15794,"https://imagedelivery.net/e9QbXi7FHwgziNweDoD9tw/cc9dd7ab-616e-44eb-2629-d5a9f94eec00/public"
15339,"https://imagedelivery.net/e9QbXi7FHwgziNweDoD9tw/c04db69c-f2e6-4236-300d-1943478b9e00/public"
15476,"https://imagedelivery.net/e9QbXi7FHwgziNweDoD9tw/596ee924-093a-4356-6c58-38d14e4e3000/public"
15476,"https://imagedelivery.net/e9QbXi7FHwgziNweDoD9tw/0dc1406f-863a-48d4-1d3a-36d8db560200/public"
15794,"https://imagedelivery.net/e9QbXi7FHwgziNweDoD9tw/38449c13-bbe1-47df-705b-748419bd5a00/public"
15339,"https://imagedelivery.net/e9QbXi7FHwgziNweDoD9tw/9c319064-6c43-483c-078a-7edd093ca100/public"
15701,"https://imagedelivery.net/e9QbXi7FHwgziNweDoD9tw/487dd24d-007f-46cd-f652-701e3c997500/public"
15596,"https://imagedelivery.net/e9QbXi7FHwgziNweDoD9tw/5e61195a-8877-4335-5b09-e12ed3d15c00/public"
15596,"https://imagedelivery.net/e9QbXi7FHwgziNweDoD9tw/896bbbba-d1e1-45d0-17e6-1142aab1fc00/public"
18054,"https://imagedelivery.net/e9QbXi7FHwgziNweDoD9tw/110f595f-0c01-44ff-250e-30667ec8af00/public"
15791,"https://imagedelivery.net/e9QbXi7FHwgziNweDoD9tw/676c150c-49ca-4a51-c5ad-32d667827b00/public"
15791,"https://imagedelivery.net/e9QbXi7FHwgziNweDoD9tw/c50988ec-4c11-4bfb-633f-2fc1ccb41c00/public"
15467,"https://imagedelivery.net/e9QbXi7FHwgziNweDoD9tw/c226f0b7-c9c9-4fba-783b-765e8a026800/public"
15467,"https://imagedelivery.net/e9QbXi7FHwgziNweDoD9tw/46adfd54-e2ce-482f-4f1c-aec1e1327a00/public"
15467,"https://imagedelivery.net/e9QbXi7FHwgziNweDoD9tw/70900ee2-590e-4f79-53d3-ae996e8d7c00/public"
15330,"https://imagedelivery.net/e9QbXi7FHwgziNweDoD9tw/17f0423d-3bb9-4253-febb-529359b1cf00/public"
15330,"https://imagedelivery.net/e9QbXi7FHwgziNweDoD9tw/bef5343d-90e3-4a29-9448-a290675a7400/public"
15330,"https://imagedelivery.net/e9QbXi7FHwgziNweDoD9tw/85ea2c10-3fea-479b-b245-d81b058fa900/public"
15315,"https://imagedelivery.net/e9QbXi7FHwgziNweDoD9tw/5f9d2a85-cb5d-48c6-8a6f-dd7384641400/public"
15315,"https://imagedelivery.net/e9QbXi7FHwgziNweDoD9tw/e3ecfa9b-55f3-473d-4dc2-221aaa024200/public"
15315,"https://imagedelivery.net/e9QbXi7FHwgziNweDoD9tw/26b58be8-01bc-47cf-a8a4-a2190b18bc00/public"
15912,"https://imagedelivery.net/e9QbXi7FHwgziNweDoD9tw/ea7b01ff-46dc-449b-3ed6-5d7d0772e500/public"
15932,"https://imagedelivery.net/e9QbXi7FHwgziNweDoD9tw/8cffbf91-808b-48d3-32eb-374e76a8f000/public"
15932,"https://imagedelivery.net/e9QbXi7FHwgziNweDoD9tw/86725ed7-9a07-4b73-64ff-561d98e7f000/public"
15529,"https://imagedelivery.net/e9QbXi7FHwgziNweDoD9tw/aacaebd6-d7b7-46c7-944d-93c767e87900/public"
15529,"https://imagedelivery.net/e9QbXi7FHwgziNweDoD9tw/c7743f4f-83f8-4e9a-846b-a20341097700/public"
18102,"https://imagedelivery.net/e9QbXi7FHwgziNweDoD9tw/f5ea97a9-f347-47b8-ccf5-703ef7206300/public"
18102,"https://imagedelivery.net/e9QbXi7FHwgziNweDoD9tw/51d0aa5e-54fd-48e0-f7eb-af7281ba8600/public"
18102,"https://imagedelivery.net/e9QbXi7FHwgziNweDoD9tw/1e80ee32-5ae0-42c4-9aae-e29eb2c03300/public"
15356,"https://imagedelivery.net/e9QbXi7FHwgziNweDoD9tw/0a5b3898-99c9-4f25-4823-e7222d050d00/public"
17995,"https://imagedelivery.net/e9QbXi7FHwgziNweDoD9tw/f0179de7-9ba7-4b7b-38ae-f03b7803e600/public"
17995,"https://imagedelivery.net/e9QbXi7FHwgziNweDoD9tw/eff90d33-ecbf-4ffb-13ab-591740001b00/public"
17995,"https://imagedelivery.net/e9QbXi7FHwgziNweDoD9tw/eb5da614-6d34-4ad7-b10a-8e944d548200/public"
17959,"https://imagedelivery.net/e9QbXi7FHwgziNweDoD9tw/eebe0e21-01dd-483f-7464-c48de5950300/public"
17959,"https://imagedelivery.net/e9QbXi7FHwgziNweDoD9tw/6df1e236-10c1-45ee-10b7-c4f587b89c00/public"
17959,"https://imagedelivery.net/e9QbXi7FHwgziNweDoD9tw/2a42b97f-af1f-4a54-807f-eaf33ddfe200/public"
15358,"https://imagedelivery.net/e9QbXi7FHwgziNweDoD9tw/79926f42-4630-4f78-cd53-a3ca07be6a00/public"
15360,"https://imagedelivery.net/e9QbXi7FHwgziNweDoD9tw/69e64e1f-3d27-4f5c-15fa-96aeecbdf000/public"
15361,"https://imagedelivery.net/e9QbXi7FHwgziNweDoD9tw/4365295c-9704-4582-83e0-41557f938000/public"
15138,"https://imagedelivery.net/e9QbXi7FHwgziNweDoD9tw/23543152-44f9-4a30-712f-34ce4e0db500/public"
15887,"https://imagedelivery.net/e9QbXi7FHwgziNweDoD9tw/cc79dcfb-a3f9-482b-90a2-fa0602395e00/public"
15357,"https://imagedelivery.net/e9QbXi7FHwgziNweDoD9tw/0fa72349-7359-474f-6de6-cb5f13552c00/public"
15360,"https://imagedelivery.net/e9QbXi7FHwgziNweDoD9tw/606c1427-627c-4817-9d80-1b876e76df00/public"
15138,"https://imagedelivery.net/e9QbXi7FHwgziNweDoD9tw/f489b2b6-5472-4358-5adb-ffc2a2b56e00/public"
15138,"https://imagedelivery.net/e9QbXi7FHwgziNweDoD9tw/36d748b4-4e50-41a3-31d0-c3fb8cd9f600/public"
15357,"https://imagedelivery.net/e9QbXi7FHwgziNweDoD9tw/51d7249f-bb30-4d74-8096-e9cc28f9ac00/public"
15358,"https://imagedelivery.net/e9QbXi7FHwgziNweDoD9tw/293e4cd2-77dd-46bf-6e4d-40228db72a00/public"
15359,"https://imagedelivery.net/e9QbXi7FHwgziNweDoD9tw/5f49fa79-6fce-4eea-7ce7-bc4107559a00/public"
15887,"https://imagedelivery.net/e9QbXi7FHwgziNweDoD9tw/dba7ada5-7638-4bd3-afce-5c3c2c218b00/public"
15361,"https://imagedelivery.net/e9QbXi7FHwgziNweDoD9tw/07cc4dce-7d0f-46cf-1478-b7787209c400/public"
15357,"https://imagedelivery.net/e9QbXi7FHwgziNweDoD9tw/c24adabf-bff1-420c-27b2-2d3afeb11900/public"
15358,"https://imagedelivery.net/e9QbXi7FHwgziNweDoD9tw/d4537578-a0cc-4288-f64b-9fb0a046b700/public"
17272,"https://imagedelivery.net/e9QbXi7FHwgziNweDoD9tw/a9409e67-f5b1-4af0-fb58-846a5e41af00/public"
15384,"https://imagedelivery.net/e9QbXi7FHwgziNweDoD9tw/db1329a5-c224-43b4-d281-c67b69ae1c00/public"
15384,"https://imagedelivery.net/e9QbXi7FHwgziNweDoD9tw/4cf28788-b8b5-4139-2286-81dfabc5a300/public"
15331,"https://imagedelivery.net/e9QbXi7FHwgziNweDoD9tw/eaac12a2-6e36-40f3-562c-313c2320ee00/public"
15331,"https://imagedelivery.net/e9QbXi7FHwgziNweDoD9tw/a5155e84-a8e9-4563-f08c-9dde4d402700/public"
15988,"https://imagedelivery.net/e9QbXi7FHwgziNweDoD9tw/6a94ba33-ee64-484f-ad00-f5a0bea08200/public"
15700,"https://imagedelivery.net/e9QbXi7FHwgziNweDoD9tw/91f2b585-115c-4e6a-97a0-3211a95a1700/public"
15700,"https://imagedelivery.net/e9QbXi7FHwgziNweDoD9tw/d7471921-4a72-46b1-4bbc-9de6f4055000/public"
15700,"https://imagedelivery.net/e9QbXi7FHwgziNweDoD9tw/8c21f7ff-806f-405e-cc16-ff9622ec3400/public"
16928,"https://imagedelivery.net/e9QbXi7FHwgziNweDoD9tw/4425ec02-695e-432b-8bf7-6ca16a534600/public"
15717,"https://imagedelivery.net/e9QbXi7FHwgziNweDoD9tw/48812567-5a0f-48e7-fe35-e94ee2bf3400/public"
15845,"https://imagedelivery.net/e9QbXi7FHwgziNweDoD9tw/2657f738-36eb-4822-2f63-b10be5831000/public"
15845,"https://imagedelivery.net/e9QbXi7FHwgziNweDoD9tw/27fda6f0-148c-42a3-df4c-24db9d8a2000/public"
15911,"https://imagedelivery.net/e9QbXi7FHwgziNweDoD9tw/753db3d1-c793-46cb-87e3-7201490a7000/public"
15911,"https://imagedelivery.net/e9QbXi7FHwgziNweDoD9tw/29a6d435-0225-4a6e-081a-a09f99ebd200/public"
15387,"https://imagedelivery.net/e9QbXi7FHwgziNweDoD9tw/b20fd139-c352-4f2e-347b-a88c7ff07b00/public"
15496,"https://imagedelivery.net/e9QbXi7FHwgziNweDoD9tw/011399d9-a93f-4f66-0f17-233887d91a00/public"
15496,"https://imagedelivery.net/e9QbXi7FHwgziNweDoD9tw/9d4c173f-9926-4f46-e9b9-f9df785d8700/public"
15909,"https://imagedelivery.net/e9QbXi7FHwgziNweDoD9tw/9945925b-4e89-4600-17b1-a73b10e11400/public"
15508,"https://imagedelivery.net/e9QbXi7FHwgziNweDoD9tw/d22e917c-db90-420f-08e0-abe585598300/public"
15326,"https://imagedelivery.net/e9QbXi7FHwgziNweDoD9tw/3966461b-a80d-42fa-3877-9736ba41bd00/public"
15326,"https://imagedelivery.net/e9QbXi7FHwgziNweDoD9tw/e2b482ac-b2dd-436e-54f1-300cc65f2200/public"
15910,"https://imagedelivery.net/e9QbXi7FHwgziNweDoD9tw/96a78fb3-b8e2-49ba-1279-a1846604d000/public"
15910,"https://imagedelivery.net/e9QbXi7FHwgziNweDoD9tw/38bcc4c2-a228-4bdb-b12d-5ad688063800/public"
15910,"https://imagedelivery.net/e9QbXi7FHwgziNweDoD9tw/2066d3fc-08fb-4380-d95d-aa6e1bf6dc00/public"
15214,"https://imagedelivery.net/e9QbXi7FHwgziNweDoD9tw/9e1a5f84-f996-4091-6f0b-7540da877800/public"
15963,"https://imagedelivery.net/e9QbXi7FHwgziNweDoD9tw/f00b9704-4a2f-4ac9-240f-db80e973fe00/public"
15963,"https://imagedelivery.net/e9QbXi7FHwgziNweDoD9tw/71e9bcc4-62ac-4d82-d88e-34098b714a00/public"
16017,"https://imagedelivery.net/e9QbXi7FHwgziNweDoD9tw/a04074e0-f4f6-484d-2ff7-bc2ae4ddf700/public"
16017,"https://imagedelivery.net/e9QbXi7FHwgziNweDoD9tw/ef80f9b5-6347-4196-b5c4-fea7c0d75f00/public"
16017,"https://imagedelivery.net/e9QbXi7FHwgziNweDoD9tw/80731f90-ffcf-4224-ef02-d274f9f6d600/public"
15879,"https://imagedelivery.net/e9QbXi7FHwgziNweDoD9tw/b51b0ef6-625c-4949-1821-b098427be200/public"
15879,"https://imagedelivery.net/e9QbXi7FHwgziNweDoD9tw/50322bd2-d0a6-4c02-954a-46f5ffa1b800/public"
15389,"https://imagedelivery.net/e9QbXi7FHwgziNweDoD9tw/a43fe4b5-6398-41fb-46c3-005b9837ad00/public"
15389,"https://imagedelivery.net/e9QbXi7FHwgziNweDoD9tw/e0217b08-4b37-4a08-4088-e4e669c12c00/public"
15647,"https://imagedelivery.net/e9QbXi7FHwgziNweDoD9tw/9c8c392a-42c8-4419-e358-f4af252fba00/public"
15647,"https://imagedelivery.net/e9QbXi7FHwgziNweDoD9tw/65b745b2-1b64-4f9a-9cc3-f2e373a00700/public"
15888,"https://imagedelivery.net/e9QbXi7FHwgziNweDoD9tw/4cf99e2e-cb63-4421-b6a4-62e81b078600/public"
15888,"https://imagedelivery.net/e9QbXi7FHwgziNweDoD9tw/92b4bcf1-0a75-4457-a1ff-921a9465b500/public"
15780,"https://imagedelivery.net/e9QbXi7FHwgziNweDoD9tw/5f425768-bec4-4675-e9c6-31e2ededcb00/public"
15514,"https://imagedelivery.net/e9QbXi7FHwgziNweDoD9tw/f53b4d91-89c3-4ed6-df44-98239b980600/public"
15514,"https://imagedelivery.net/e9QbXi7FHwgziNweDoD9tw/ba14b106-5402-4fc1-da0b-dd3b48198400/public"
15514,"https://imagedelivery.net/e9QbXi7FHwgziNweDoD9tw/1648fa75-9be4-4a05-54eb-d09bb43f1f00/public"
15514,"https://imagedelivery.net/e9QbXi7FHwgziNweDoD9tw/fe95c896-c100-4b80-fe2c-7c29e807dc00/public"
16845,"https://imagedelivery.net/e9QbXi7FHwgziNweDoD9tw/3a4f43aa-48c3-4cf6-8660-f2233a992600/public"
16845,"https://imagedelivery.net/e9QbXi7FHwgziNweDoD9tw/6a0c8ffe-8f71-4792-5206-6bf2b1102800/public"
15702,"https://imagedelivery.net/e9QbXi7FHwgziNweDoD9tw/f5e5b230-e5a1-4c55-5c16-a4ddce392500/public"
15702,"https://imagedelivery.net/e9QbXi7FHwgziNweDoD9tw/6a7e2057-e8ba-4c43-d67a-5f5323bf2400/public"
15167,"https://imagedelivery.net/e9QbXi7FHwgziNweDoD9tw/71c0adca-a774-4958-d2a5-f9896a449200/public"
15167,"https://imagedelivery.net/e9QbXi7FHwgziNweDoD9tw/5f218724-69e6-4d96-25b0-1812c3833e00/public"
15167,"https://imagedelivery.net/e9QbXi7FHwgziNweDoD9tw/bd2f5bea-c9be-4a3b-d32a-a9550d05f600/public"
15417,"https://imagedelivery.net/e9QbXi7FHwgziNweDoD9tw/fb12badc-a334-403c-caf5-cee6f7a6c100/public"
15702,"https://imagedelivery.net/e9QbXi7FHwgziNweDoD9tw/9246aff9-4321-440d-365a-3e1e39010300/public"
17040,"https://imagedelivery.net/e9QbXi7FHwgziNweDoD9tw/4903969d-2941-4aba-32e5-d7920d877900/public"
15417,"https://imagedelivery.net/e9QbXi7FHwgziNweDoD9tw/4b781e72-32af-4347-a5dd-c54f8ae79200/public"
17040,"https://imagedelivery.net/e9QbXi7FHwgziNweDoD9tw/fb21bbad-0cd1-4ef5-fc5c-93912bf28200/public"
15417,"https://imagedelivery.net/e9QbXi7FHwgziNweDoD9tw/7ea633ff-d436-4f83-6714-1a2d5350d900/public"
17940,"https://imagedelivery.net/e9QbXi7FHwgziNweDoD9tw/16a4fca7-5768-46d4-fc3c-b1de0ea13800/public"
17940,"https://imagedelivery.net/e9QbXi7FHwgziNweDoD9tw/6953eeb3-81b3-48d8-436a-dc5b9512c900/public"
15928,"https://imagedelivery.net/e9QbXi7FHwgziNweDoD9tw/5f25507e-4912-4977-ccfa-b4abb8f4f000/public"
16936,"https://imagedelivery.net/e9QbXi7FHwgziNweDoD9tw/76e2efba-a884-4b81-6e94-759b8c2b1300/public"
15880,"https://imagedelivery.net/e9QbXi7FHwgziNweDoD9tw/82edc7e7-30da-4e2d-4abc-e72a4711e100/public"
16936,"https://imagedelivery.net/e9QbXi7FHwgziNweDoD9tw/fa130a86-c500-4e54-a2a3-a6253b5b5a00/public"
17940,"https://imagedelivery.net/e9QbXi7FHwgziNweDoD9tw/b81f371a-15c6-40e3-4faa-ca63e59e9c00/public"
17940,"https://imagedelivery.net/e9QbXi7FHwgziNweDoD9tw/f85096a7-61b2-48be-ad43-d5174304cc00/public"
15880,"https://imagedelivery.net/e9QbXi7FHwgziNweDoD9tw/7b38cbfc-e5b9-45bd-bcd1-a06ba2c75900/public"
15928,"https://imagedelivery.net/e9QbXi7FHwgziNweDoD9tw/c9671ead-d2de-4ce0-d6a1-0148c6bc0300/public"
16936,"https://imagedelivery.net/e9QbXi7FHwgziNweDoD9tw/ed83c574-c1f4-4dd0-25c9-7ab2050d2700/public"
15864,"https://imagedelivery.net/e9QbXi7FHwgziNweDoD9tw/4016389b-0019-4f38-d98a-5f993ad11300/public"
15864,"https://imagedelivery.net/e9QbXi7FHwgziNweDoD9tw/30e91782-1db4-4a96-a0c2-17c343593600/public"
15864,"https://imagedelivery.net/e9QbXi7FHwgziNweDoD9tw/01f61687-8b5d-42ba-c3da-1c93f1c99800/public"
16873,"https://imagedelivery.net/e9QbXi7FHwgziNweDoD9tw/7cfb4bc5-6514-428d-6d36-d3c418eb4d00/public"
18017,"https://imagedelivery.net/e9QbXi7FHwgziNweDoD9tw/eca7da92-d9b8-4bc2-24b0-cb4e1ea38d00/public"
18017,"https://imagedelivery.net/e9QbXi7FHwgziNweDoD9tw/960da3d1-dcf6-48f1-b729-5cbee9f14100/public"
18017,"https://imagedelivery.net/e9QbXi7FHwgziNweDoD9tw/3f1ce836-9efb-4ae9-f176-b54aefd53600/public"
18018,"https://imagedelivery.net/e9QbXi7FHwgziNweDoD9tw/f21fbd20-a9c6-4446-d168-05278ebae700/public"
18018,"https://imagedelivery.net/e9QbXi7FHwgziNweDoD9tw/c14e20ab-6350-44db-c73b-7acde8f16b00/public"
18018,"https://imagedelivery.net/e9QbXi7FHwgziNweDoD9tw/a3bd6f0a-40d4-487a-a927-9b05f5c78d00/public"
14999,"https://imagedelivery.net/e9QbXi7FHwgziNweDoD9tw/987c601f-c45c-4453-0f29-9f8e2f257700/public"
14999,"https://imagedelivery.net/e9QbXi7FHwgziNweDoD9tw/c5413a9f-29be-4750-bb0e-ccb17fb9e900/public"
18020,"https://imagedelivery.net/e9QbXi7FHwgziNweDoD9tw/095bfe05-db93-4cf7-14c4-a83d665ed000/public"
18019,"https://imagedelivery.net/e9QbXi7FHwgziNweDoD9tw/ac82a7f2-332c-43a8-fdf7-26e13f6dc500/public"
18019,"https://imagedelivery.net/e9QbXi7FHwgziNweDoD9tw/3fe37e3b-afb7-46e1-2113-5aa03114ea00/public"
18019,"https://imagedelivery.net/e9QbXi7FHwgziNweDoD9tw/6ec2d597-3c7b-4921-a5d8-e41d72250900/public"
14999,"https://imagedelivery.net/e9QbXi7FHwgziNweDoD9tw/9b64deb9-51a8-4f72-dab9-0f4531e2b200/public"
18020,"https://imagedelivery.net/e9QbXi7FHwgziNweDoD9tw/356ef218-dc95-4c4b-fa71-0a5be4f49700/public"
18020,"https://imagedelivery.net/e9QbXi7FHwgziNweDoD9tw/0f079f83-1774-4bcc-79c3-07e849f50400/public"
15865,"https://imagedelivery.net/e9QbXi7FHwgziNweDoD9tw/08b32cd4-777c-45ce-82fc-d33183d20500/public"
15865,"https://imagedelivery.net/e9QbXi7FHwgziNweDoD9tw/58fb3654-4f25-4ed3-3602-ffe723412700/public"
15332,"https://imagedelivery.net/e9QbXi7FHwgziNweDoD9tw/e7d30c5f-a34d-4f4a-e92d-e2b02a7af400/public"
15332,"https://imagedelivery.net/e9QbXi7FHwgziNweDoD9tw/87f1158e-75b4-4b9b-7314-930b648a6300/public"
15332,"https://imagedelivery.net/e9QbXi7FHwgziNweDoD9tw/0bb84886-cae1-457e-b5ab-0e3dc2926b00/public"
15881,"https://imagedelivery.net/e9QbXi7FHwgziNweDoD9tw/2102f0e8-9976-4cec-0a51-4dd688afea00/public"
15881,"https://imagedelivery.net/e9QbXi7FHwgziNweDoD9tw/30efbf64-6f0b-4d9d-8988-d222cf84ab00/public"
15881,"https://imagedelivery.net/e9QbXi7FHwgziNweDoD9tw/b76bb56d-66bf-4e92-ff1e-9ec69aad7d00/public"
15882,"https://imagedelivery.net/e9QbXi7FHwgziNweDoD9tw/d0ecefdb-8338-4faa-ec55-e1b3334cf200/public"
16732,"https://imagedelivery.net/e9QbXi7FHwgziNweDoD9tw/e2f3b51b-043d-4890-c376-d34e1595b600/public"
16732,"https://imagedelivery.net/e9QbXi7FHwgziNweDoD9tw/8bc98ffa-0387-4863-0253-8c0696292200/public"
16732,"https://imagedelivery.net/e9QbXi7FHwgziNweDoD9tw/b19ced81-c6fa-465e-8e09-3f7308cde600/public"
16843,"https://imagedelivery.net/e9QbXi7FHwgziNweDoD9tw/c0c0d8bd-25f2-47f7-63d0-f41a91ac8700/public"
16843,"https://imagedelivery.net/e9QbXi7FHwgziNweDoD9tw/f1b93bc9-79d8-41a9-1547-a031ffe0e600/public"
16843,"https://imagedelivery.net/e9QbXi7FHwgziNweDoD9tw/23f26567-bdc7-407e-93a6-a41f695f2d00/public"
